{
  "FilterHeaders": [
    {
      "Header": "user-agent",
      "IncludeInScript": false
    },
    {
      "Header": "ua-cpu",
      "IncludeInScript": true
    },
    {
      "Header": "if-modified-since",
      "IncludeInScript": false
    },
    {
      "Header": "dnt",
      "IncludeInScript": true
    },
    {
      "Header": "cache-control",
      "IncludeInScript": false
    },
    {
      "Header": "accept-language",
      "IncludeInScript": false
    },
    {
      "Header": "accept-encoding",
      "IncludeInScript": false
    },
    {
      "Header": "accept",
      "IncludeInScript": false
    }
  ],
  "FilterResources": [
    {
      "IsNonResource": true,
      "type": "text/xml"
    },
    {
      "IsNonResource": true,
      "type": "text/html"
    },
    {
      "IsNonResource": false,
      "type": "text/css"
    },
    {
      "IsNonResource": false,
      "type": "image/vnd.microsoft.icon"
    },
    {
      "IsNonResource": false,
      "type": "image/png"
    },
    {
      "IsNonResource": false,
      "type": "image/jpeg"
    },
    {
      "IsNonResource": false,
      "type": "image/gif"
    },
    {
      "IsNonResource": false,
      "type": "application/octet-stream"
    },
    {
      "IsNonResource": false,
      "type": "application/javascript"
    }
  ],
  "GeneralInfo": {
    "BrowserVersion": "",
    "MaxUsedConnections": 19,
    "RecordedBrowser": "Internet Explorer",
    "RecordingDate": "Jan-25-2018",
    "RecordingDuration": 376704,
    "RecordingTimeStamp": 1516916767,
    "TotalBytesReceived": 749996,
    "TotalBytesSent": 31931,
    "TotalRequests": 64
  },
  "HostInfo": [
    {
      "DomainName": "microsoft.com",
      "Domains": [
        {
          "HTTPVersion": "HTTP/1.1",
          "IP": "204.79.197.200",
          "IncludeInScript": true,
          "Name": "ieonline.microsoft.com",
          "Port": 443,
          "Requests": [
            {
              "CompressionType": "",
              "DataType": "application/octet-stream",
              "DownloadTime": 62,
              "EventId": 161,
              "HttpStatus": 200,
              "Size": 18176,
              "URL": "https://ieonline.microsoft.com/iedomainsuggestions/ie11/suggestions.en-GB"
            }
          ],
          "SSLCipher": "ECDHE-RSA-AES256-SHA",
          "SSLVersion": "TLS1.1"
        },
        {
          "HTTPVersion": "HTTP/1.1",
          "IP": "93.184.221.200",
          "IncludeInScript": true,
          "Name": "iecvlist.microsoft.com",
          "Port": 443,
          "Requests": [
            {
              "CompressionType": "gzip",
              "DataType": "text/xml",
              "DownloadTime": 578,
              "EventId": 151,
              "HttpStatus": 200,
              "Size": 28116,
              "URL": "https://iecvlist.microsoft.com/IE11/1478281996/iecompatviewlist.xml?cvlp=4587761470040704066"
            },
            {
              "CompressionType": "",
              "DataType": "",
              "DownloadTime": 47,
              "EventId": 146,
              "HttpStatus": 304,
              "Size": 0,
              "URL": "https://iecvlist.microsoft.com/ie11blocklist/1401746408/versionlist.xml"
            },
            {
              "CompressionType": "",
              "DataType": "",
              "DownloadTime": 47,
              "EventId": 144,
              "HttpStatus": 304,
              "Size": 0,
              "URL": "https://iecvlist.microsoft.com/ie11blocklist/1401746408/versionlist.xml"
            }
          ],
          "SSLCipher": "ECDHE-RSA-AES256-SHA",
          "SSLVersion": "TLS1.1"
        },
        {
          "HTTPVersion": "HTTP/1.1",
          "IP": "40.68.222.212",
          "IncludeInScript": true,
          "Name": "c.urs.microsoft.com",
          "Port": 443,
          "Requests": [
            {
              "CompressionType": "",
              "DataType": "application/octet-stream",
              "DownloadTime": 78,
              "EventId": 148,
              "HttpStatus": 200,
              "Size": 9270,
              "URL": "https://c.urs.microsoft.com/l1.dat?cw=636522442837344494&v=3&cv=9.11.16299.0&os=10.0.16299.0.0&pg=4A72F430-B40C-4D36-A068-CE33ADA5ADF9"
            }
          ],
          "SSLCipher": "",
          "SSLVersion": ""
        }
      ],
      "IncludeInScript": true
    },
    {
      "DomainName": "localhost",
      "Domains": [
        {
          "HTTPVersion": "HTTP/1.1",
          "IP": "[::1]",
          "IncludeInScript": true,
          "Name": "localhost",
          "Port": 80,
          "Requests": [
            {
              "CompressionType": "",
              "DataType": "text/html",
              "DownloadTime": 2047,
              "EventId": 281,
              "HttpStatus": 200,
              "Size": 101305,
              "URL": "http://localhost/moodle/"
            },
            {
              "CompressionType": "",
              "DataType": "text/html",
              "DownloadTime": 2500,
              "EventId": 279,
              "HttpStatus": 303,
              "Size": 553,
              "URL": "http://localhost/moodle/login/logout.php?sesskey=yLlnXGxt67"
            },
            {
              "CompressionType": "gzip",
              "DataType": "application/javascript",
              "DownloadTime": 282,
              "EventId": 268,
              "HttpStatus": 200,
              "Size": 13746,
              "URL": "http://localhost/moodle/theme/yui_combo.php?3.5.1/build/attribute-core/attribute-core-min.js&3.5.1/build/base-core/base-core-min.js&3.5.1/build/event-custom-complex/event-custom-complex-min.js&3.5.1/build/attribute-events/attribute-events-min.js&3.5.1/build/attribute-extras/attribute-extras-min.js&3.5.1/build/attribute-base/attribute-base-min.js&3.5.1/build/base-base/base-base-min.js&3.5.1/build/base-pluginhost/base-pluginhost-min.js&3.5.1/build/base-build/base-build-min.js&3.5.1/build/event-synthetic/event-synthetic-min.js&3.5.1/build/event-mouseenter/event-mouseenter-min.js&3.5.1/build/event-resize/event-resize-min.js&moodle/1409244180/block_navigation/navigation/navigation.js"
            },
            {
              "CompressionType": "",
              "DataType": "image/png",
              "DownloadTime": 171,
              "EventId": 266,
              "HttpStatus": 200,
              "Size": 722,
              "URL": "http://localhost/moodle/theme/image.php/afterburner/core/1409244180/i/restore"
            },
            {
              "CompressionType": "",
              "DataType": "image/png",
              "DownloadTime": 172,
              "EventId": 264,
              "HttpStatus": 200,
              "Size": 591,
              "URL": "http://localhost/moodle/theme/image.php/afterburner/core/1409244180/i/filter"
            },
            {
              "CompressionType": "",
              "DataType": "image/png",
              "DownloadTime": 469,
              "EventId": 262,
              "HttpStatus": 200,
              "Size": 130,
              "URL": "http://localhost/moodle/theme/image.php/afterburner/core/1409244180/t/expanded"
            },
            {
              "CompressionType": "",
              "DataType": "image/png",
              "DownloadTime": 31,
              "EventId": 260,
              "HttpStatus": 200,
              "Size": 784,
              "URL": "http://localhost/moodle/theme/image.php/afterburner/core/1409244180/i/return"
            },
            {
              "CompressionType": "",
              "DataType": "image/png",
              "DownloadTime": 62,
              "EventId": 258,
              "HttpStatus": 200,
              "Size": 664,
              "URL": "http://localhost/moodle/theme/image.php/afterburner/core/1409244180/i/backup"
            },
            {
              "CompressionType": "",
              "DataType": "image/png",
              "DownloadTime": 47,
              "EventId": 256,
              "HttpStatus": 200,
              "Size": 611,
              "URL": "http://localhost/moodle/theme/image.php/afterburner/core/1409244180/i/grades"
            },
            {
              "CompressionType": "",
              "DataType": "image/png",
              "DownloadTime": 47,
              "EventId": 253,
              "HttpStatus": 200,
              "Size": 825,
              "URL": "http://localhost/moodle/theme/image.php/afterburner/core/1409244180/i/roles"
            },
            {
              "CompressionType": "",
              "DataType": "image/png",
              "DownloadTime": 47,
              "EventId": 251,
              "HttpStatus": 200,
              "Size": 844,
              "URL": "http://localhost/moodle/theme/image.php/afterburner/core/1409244180/i/checkpermissions"
            },
            {
              "CompressionType": "",
              "DataType": "image/png",
              "DownloadTime": 63,
              "EventId": 249,
              "HttpStatus": 200,
              "Size": 870,
              "URL": "http://localhost/moodle/theme/image.php/afterburner/core/1409244180/i/group"
            },
            {
              "CompressionType": "",
              "DataType": "image/gif",
              "DownloadTime": 188,
              "EventId": 247,
              "HttpStatus": 200,
              "Size": 379,
              "URL": "http://localhost/moodle/theme/image.php/afterburner/core/1409244180/i/edit"
            },
            {
              "CompressionType": "",
              "DataType": "image/png",
              "DownloadTime": 125,
              "EventId": 245,
              "HttpStatus": 200,
              "Size": 870,
              "URL": "http://localhost/moodle/theme/image.php/afterburner/core/1409244180/i/users"
            },
            {
              "CompressionType": "",
              "DataType": "image/png",
              "DownloadTime": 79,
              "EventId": 243,
              "HttpStatus": 200,
              "Size": 493,
              "URL": "http://localhost/moodle/theme/image.php/afterburner/core/1409244180/i/report"
            },
            {
              "CompressionType": "gzip",
              "DataType": "application/javascript",
              "DownloadTime": 94,
              "EventId": 241,
              "HttpStatus": 200,
              "Size": 373,
              "URL": "http://localhost/moodle/lib/javascript.php/1409244180/course/format/topics/format.js"
            },
            {
              "CompressionType": "",
              "DataType": "image/gif",
              "DownloadTime": 78,
              "EventId": 239,
              "HttpStatus": 200,
              "Size": 132,
              "URL": "http://localhost/moodle/theme/image.php/afterburner/assign/1409244180/icon"
            },
            {
              "CompressionType": "",
              "DataType": "image/png",
              "DownloadTime": 109,
              "EventId": 237,
              "HttpStatus": 200,
              "Size": 211,
              "URL": "http://localhost/moodle/theme/image.php/afterburner/book/1409244180/icon"
            },
            {
              "CompressionType": "",
              "DataType": "image/png",
              "DownloadTime": 78,
              "EventId": 235,
              "HttpStatus": 200,
              "Size": 661,
              "URL": "http://localhost/moodle/theme/image.php/afterburner/quiz/1409244180/icon"
            },
            {
              "CompressionType": "",
              "DataType": "image/png",
              "DownloadTime": 125,
              "EventId": 233,
              "HttpStatus": 200,
              "Size": 650,
              "URL": "http://localhost/moodle/theme/image.php/afterburner/glossary/1409244180/icon"
            },
            {
              "CompressionType": "",
              "DataType": "image/png",
              "DownloadTime": 187,
              "EventId": 228,
              "HttpStatus": 200,
              "Size": 674,
              "URL": "http://localhost/moodle/theme/image.php/afterburner/forum/1409244180/icon"
            },
            {
              "CompressionType": "",
              "DataType": "image/gif",
              "DownloadTime": 31,
              "EventId": 226,
              "HttpStatus": 200,
              "Size": 43,
              "URL": "http://localhost/moodle/theme/image.php/afterburner/core/1409244180/spacer"
            },
            {
              "CompressionType": "",
              "DataType": "text/html",
              "DownloadTime": 3735,
              "EventId": 216,
              "HttpStatus": 200,
              "Size": 93680,
              "URL": "http://localhost/moodle/course/view.php?id=101"
            },
            {
              "CompressionType": "",
              "DataType": "image/png",
              "DownloadTime": 110,
              "EventId": 210,
              "HttpStatus": 200,
              "Size": 736,
              "URL": "http://localhost/moodle/theme/image.php/afterburner/core/1409244180/i/settings"
            },
            {
              "CompressionType": "",
              "DataType": "text/html",
              "DownloadTime": 4484,
              "EventId": 191,
              "HttpStatus": 200,
              "Size": 129940,
              "URL": "http://localhost/moodle/"
            },
            {
              "CompressionType": "",
              "DataType": "text/html",
              "DownloadTime": 1718,
              "EventId": 189,
              "HttpStatus": 303,
              "Size": 553,
              "URL": "http://localhost/moodle/login/index.php?testsession=3"
            },
            {
              "CompressionType": "",
              "DataType": "text/html",
              "DownloadTime": 3484,
              "EventId": 187,
              "HttpStatus": 303,
              "Size": 582,
              "URL": "http://localhost/moodle/login/index.php"
            },
            {
              "CompressionType": "",
              "DataType": "image/png",
              "DownloadTime": 62,
              "EventId": 181,
              "HttpStatus": 200,
              "Size": 766,
              "URL": "http://localhost/moodle/theme/image.php/afterburner/core/1409244180/help"
            },
            {
              "CompressionType": "",
              "DataType": "text/html",
              "DownloadTime": 1750,
              "EventId": 177,
              "HttpStatus": 200,
              "Size": 22929,
              "URL": "http://localhost/moodle/login/index.php"
            },
            {
              "CompressionType": "",
              "DataType": "image/vnd.microsoft.icon",
              "DownloadTime": 47,
              "EventId": 122,
              "HttpStatus": 200,
              "Size": 894,
              "URL": "http://localhost/moodle/theme/image.php/afterburner/theme/1409244180/favicon"
            },
            {
              "CompressionType": "",
              "DataType": "image/gif",
              "DownloadTime": 31,
              "EventId": 118,
              "HttpStatus": 200,
              "Size": 124,
              "URL": "http://localhost/moodle/theme/image.php/afterburner/core/1409244180/t/switch_plus"
            },
            {
              "CompressionType": "",
              "DataType": "image/gif",
              "DownloadTime": 31,
              "EventId": 116,
              "HttpStatus": 200,
              "Size": 119,
              "URL": "http://localhost/moodle/theme/image.php/afterburner/core/1409244180/t/switch_minus"
            },
            {
              "CompressionType": "gzip",
              "DataType": "application/javascript",
              "DownloadTime": 297,
              "EventId": 113,
              "HttpStatus": 200,
              "Size": 19890,
              "URL": "http://localhost/moodle/theme/yui_combo.php?3.5.1/build/attribute-complex/attribute-complex-min.js&3.5.1/build/classnamemanager/classnamemanager-min.js&3.5.1/build/event-focus/event-focus-min.js&3.5.1/build/widget-base/widget-base-min.js&3.5.1/build/widget-htmlparser/widget-htmlparser-min.js&3.5.1/build/widget-skin/widget-skin-min.js&3.5.1/build/widget-uievents/widget-uievents-min.js&3.5.1/build/widget-stdmod/widget-stdmod-min.js&3.5.1/build/widget-position/widget-position-min.js&3.5.1/build/widget-position-align/widget-position-align-min.js&3.5.1/build/widget-stack/widget-stack-min.js&3.5.1/build/widget-position-constrain/widget-position-constrain-min.js&3.5.1/build/overlay/overlay-min.js&3.5.1/build/event-simulate/event-simulate-min.js&3.5.1/build/substitute/substitute-min.js&3.5.1/build/json-stringify/json-stringify-min.js&3.5.1/build/test/test-min.js"
            },
            {
              "CompressionType": "gzip",
              "DataType": "text/css",
              "DownloadTime": 78,
              "EventId": 111,
              "HttpStatus": 200,
              "Size": 603,
              "URL": "http://localhost/moodle/theme/yui_combo.php?3.5.1/build/overlay/assets/skins/sam/overlay.css&3.5.1/build/widget-base/assets/skins/sam/widget-base.css&3.5.1/build/widget-stack/assets/skins/sam/widget-stack.css&3.5.1/build/test/assets/skins/sam/test.css&moodle/1409244180/calendar/eventmanager/eventmanager.css"
            },
            {
              "CompressionType": "gzip",
              "DataType": "application/javascript",
              "DownloadTime": 94,
              "EventId": 109,
              "HttpStatus": 200,
              "Size": 1244,
              "URL": "http://localhost/moodle/theme/yui_combo.php?moodle/1409244180/calendar/eventmanager/eventmanager.js"
            },
            {
              "CompressionType": "",
              "DataType": "image/png",
              "DownloadTime": 31,
              "EventId": 107,
              "HttpStatus": 200,
              "Size": 236,
              "URL": "http://localhost/moodle/theme/image.php/afterburner/core/1409244180/t/block_to_dock"
            },
            {
              "CompressionType": "gzip",
              "DataType": "application/javascript",
              "DownloadTime": 78,
              "EventId": 105,
              "HttpStatus": 200,
              "Size": 3184,
              "URL": "http://localhost/moodle/theme/yui_combo.php?3.5.1/build/querystring-stringify-simple/querystring-stringify-simple-min.js&3.5.1/build/io-base/io-base-min.js&3.5.1/build/json-parse/json-parse-min.js"
            },
            {
              "CompressionType": "gzip",
              "DataType": "application/javascript",
              "DownloadTime": 125,
              "EventId": 103,
              "HttpStatus": 200,
              "Size": 5048,
              "URL": "http://localhost/moodle/theme/yui_combo.php?moodle/1409244180/block_navigation/navigation/navigation.js"
            },
            {
              "CompressionType": "",
              "DataType": "image/png",
              "DownloadTime": 31,
              "EventId": 101,
              "HttpStatus": 200,
              "Size": 238,
              "URL": "http://localhost/moodle/theme/image.php/afterburner/core/1409244180/t/dock_to_block"
            },
            {
              "CompressionType": "gzip",
              "DataType": "application/javascript",
              "DownloadTime": 188,
              "EventId": 98,
              "HttpStatus": 200,
              "Size": 8851,
              "URL": "http://localhost/moodle/theme/yui_combo.php?3.5.1/build/attribute-core/attribute-core-min.js&3.5.1/build/base-core/base-core-min.js&3.5.1/build/event-custom-complex/event-custom-complex-min.js&3.5.1/build/attribute-events/attribute-events-min.js&3.5.1/build/attribute-extras/attribute-extras-min.js&3.5.1/build/attribute-base/attribute-base-min.js&3.5.1/build/base-base/base-base-min.js&3.5.1/build/base-pluginhost/base-pluginhost-min.js&3.5.1/build/base-build/base-build-min.js&3.5.1/build/event-synthetic/event-synthetic-min.js&3.5.1/build/event-mouseenter/event-mouseenter-min.js&3.5.1/build/event-resize/event-resize-min.js"
            },
            {
              "CompressionType": "gzip",
              "DataType": "application/javascript",
              "DownloadTime": 47,
              "EventId": 96,
              "HttpStatus": 200,
              "Size": 5979,
              "URL": "http://localhost/moodle/lib/javascript.php/1409244180/blocks/dock.js"
            },
            {
              "CompressionType": "gzip",
              "DataType": "application/javascript",
              "DownloadTime": 266,
              "EventId": 93,
              "HttpStatus": 200,
              "Size": 22699,
              "URL": "http://localhost/moodle/theme/yui_combo.php?3.5.1/build/oop/oop-min.js&3.5.1/build/event-custom-base/event-custom-base-min.js&3.5.1/build/dom-core/dom-core-min.js&3.5.1/build/dom-base/dom-base-min.js&3.5.1/build/selector-native/selector-native-min.js&3.5.1/build/selector/selector-min.js&3.5.1/build/node-core/node-core-min.js&3.5.1/build/node-base/node-base-min.js&3.5.1/build/event-base/event-base-min.js&3.5.1/build/event-delegate/event-delegate-min.js&3.5.1/build/node-event-delegate/node-event-delegate-min.js&3.5.1/build/pluginhost-base/pluginhost-base-min.js&3.5.1/build/pluginhost-config/pluginhost-config-min.js&3.5.1/build/node-pluginhost/node-pluginhost-min.js&3.5.1/build/dom-style/dom-style-min.js&3.5.1/build/dom-screen/dom-screen-min.js&3.5.1/build/node-screen/node-screen-min.js&3.5.1/build/node-style/node-style-min.js"
            },
            {
              "CompressionType": "",
              "DataType": "image/jpeg",
              "DownloadTime": 31,
              "EventId": 88,
              "HttpStatus": 200,
              "Size": 20590,
              "URL": "http://localhost/moodle/theme/image.php/afterburner/theme/1409244180/core/h2grad"
            },
            {
              "CompressionType": "gzip",
              "DataType": "application/javascript",
              "DownloadTime": 141,
              "EventId": 76,
              "HttpStatus": 200,
              "Size": 20,
              "URL": "http://localhost/moodle/theme/javascript.php/afterburner/1409244180/footer"
            },
            {
              "CompressionType": "",
              "DataType": "image/png",
              "DownloadTime": 31,
              "EventId": 74,
              "HttpStatus": 200,
              "Size": 133,
              "URL": "http://localhost/moodle/theme/image.php/afterburner/core/1409244180/t/collapsed"
            },
            {
              "CompressionType": "",
              "DataType": "image/png",
              "DownloadTime": 47,
              "EventId": 72,
              "HttpStatus": 200,
              "Size": 1940,
              "URL": "http://localhost/moodle/theme/image.php/afterburner/theme/1409244180/footer/moodle-logo"
            },
            {
              "CompressionType": "",
              "DataType": "image/png",
              "DownloadTime": 47,
              "EventId": 68,
              "HttpStatus": 200,
              "Size": 210,
              "URL": "http://localhost/moodle/theme/image.php/afterburner/core/1409244180/i/navigationitem"
            },
            {
              "CompressionType": "",
              "DataType": "image/png",
              "DownloadTime": 94,
              "EventId": 50,
              "HttpStatus": 200,
              "Size": 10315,
              "URL": "http://localhost/moodle/theme/image.php/afterburner/theme/1409244180/images/light3"
            },
            {
              "CompressionType": "",
              "DataType": "image/jpeg",
              "DownloadTime": 109,
              "EventId": 48,
              "HttpStatus": 200,
              "Size": 10119,
              "URL": "http://localhost/moodle/theme/image.php/afterburner/theme/1409244180/images/logo"
            },
            {
              "CompressionType": "",
              "DataType": "image/png",
              "DownloadTime": 172,
              "EventId": 46,
              "HttpStatus": 200,
              "Size": 675,
              "URL": "http://localhost/moodle/theme/image.php/afterburner/enrol_self/1409244180/withoutkey"
            },
            {
              "CompressionType": "",
              "DataType": "image/jpeg",
              "DownloadTime": 110,
              "EventId": 44,
              "HttpStatus": 200,
              "Size": 321,
              "URL": "http://localhost/moodle/theme/image.php/afterburner/theme/1409244180/core/bground"
            },
            {
              "CompressionType": "gzip",
              "DataType": "text/css",
              "DownloadTime": 422,
              "EventId": 38,
              "HttpStatus": 200,
              "Size": 43479,
              "URL": "http://localhost/moodle/theme/styles.php/afterburner/1409244180/all"
            },
            {
              "CompressionType": "gzip",
              "DataType": "application/javascript",
              "DownloadTime": 219,
              "EventId": 35,
              "HttpStatus": 200,
              "Size": 10308,
              "URL": "http://localhost/moodle/lib/javascript.php/1409244180/lib/javascript-static.js"
            },
            {
              "CompressionType": "gzip",
              "DataType": "application/javascript",
              "DownloadTime": 125,
              "EventId": 33,
              "HttpStatus": 200,
              "Size": 20,
              "URL": "http://localhost/moodle/theme/javascript.php/afterburner/1409244180/head"
            },
            {
              "CompressionType": "gzip",
              "DataType": "text/css",
              "DownloadTime": 468,
              "EventId": 30,
              "HttpStatus": 200,
              "Size": 16703,
              "URL": "http://localhost/moodle/theme/yui_combo.php?2.9.0/build/assets/skins/sam/skin.css"
            },
            {
              "CompressionType": "gzip",
              "DataType": "text/css",
              "DownloadTime": 562,
              "EventId": 28,
              "HttpStatus": 200,
              "Size": 1170,
              "URL": "http://localhost/moodle/theme/yui_combo.php?3.5.1/build/cssreset/reset-min.css&3.5.1/build/cssfonts/fonts-min.css&3.5.1/build/cssgrids/grids-min.css&3.5.1/build/cssbase/base-min.css"
            },
            {
              "CompressionType": "gzip",
              "DataType": "application/javascript",
              "DownloadTime": 360,
              "EventId": 25,
              "HttpStatus": 200,
              "Size": 24269,
              "URL": "http://localhost/moodle/theme/yui_combo.php?3.5.1/build/yui/yui-min.js"
            },
            {
              "CompressionType": "gzip",
              "DataType": "application/javascript",
              "DownloadTime": 281,
              "EventId": 22,
              "HttpStatus": 200,
              "Size": 8431,
              "URL": "http://localhost/moodle/theme/yui_combo.php?2.9.0/build/yahoo/yahoo-min.js&2.9.0/build/dom/dom-min.js"
            },
            {
              "CompressionType": "",
              "DataType": "text/html",
              "DownloadTime": 5875,
              "EventId": 15,
              "HttpStatus": 200,
              "Size": 101305,
              "URL": "http://localhost/moodle/"
            }
          ],
          "SSLCipher": "None",
          "SSLVersion": "None"
        }
      ],
      "IncludeInScript": true
    }
  ],
  "WebSocket": {
    "IncludeInScript": false,
    "IsScriptIncludeWebSocket": false
  },
  "NumberOfCorrelations": 1
}