{
  "FilterHeaders": [
    {
      "Header": "user-agent",
      "IncludeInScript": false
    },
    {
      "Header": "ua-cpu",
      "IncludeInScript": true
    },
    {
      "Header": "dnt",
      "IncludeInScript": true
    },
    {
      "Header": "cache-control",
      "IncludeInScript": false
    },
    {
      "Header": "accept-language",
      "IncludeInScript": false
    },
    {
      "Header": "accept-encoding",
      "IncludeInScript": false
    },
    {
      "Header": "accept",
      "IncludeInScript": false
    }
  ],
  "FilterResources": [
    {
      "IsNonResource": true,
      "type": "text/xml"
    },
    {
      "IsNonResource": true,
      "type": "text/html"
    },
    {
      "IsNonResource": false,
      "type": "text/css"
    },
    {
      "IsNonResource": false,
      "type": "image/vnd.microsoft.icon"
    },
    {
      "IsNonResource": false,
      "type": "image/png"
    },
    {
      "IsNonResource": false,
      "type": "image/jpeg"
    },
    {
      "IsNonResource": false,
      "type": "image/gif"
    },
    {
      "IsNonResource": false,
      "type": "application/javascript"
    }
  ],
  "GeneralInfo": {
    "BrowserVersion": "",
    "MaxUsedConnections": 13,
    "RecordedBrowser": "Internet Explorer",
    "RecordingDate": "Jan-14-2018",
    "RecordingDuration": 147734,
    "RecordingTimeStamp": 1515963931,
    "TotalBytesReceived": 502731,
    "TotalBytesSent": 18212,
    "TotalRequests": 37
  },
  "HostInfo": [
    {
      "DomainName": "microsoft.com",
      "Domains": [
        {
          "HTTPVersion": "HTTP/1.1",
          "IP": "93.184.221.200",
          "IncludeInScript": true,
          "Name": "iecvlist.microsoft.com",
          "Port": 443,
          "Requests": [
            {
              "CompressionType": "gzip",
              "DataType": "text/xml",
              "DownloadTime": 47,
              "EventId": 268,
              "HttpStatus": 200,
              "Size": 28116,
              "URL": "https://iecvlist.microsoft.com/IE11/1478281996/iecompatviewlist.xml"
            }
          ],
          "SSLCipher": "ECDHE-RSA-AES128-SHA",
          "SSLVersion": "TLS1.1"
        }
      ],
      "IncludeInScript": true
    },
    {
      "DomainName": "localhost",
      "Domains": [
        {
          "HTTPVersion": "HTTP/1.1",
          "IP": "[::1]",
          "IncludeInScript": true,
          "Name": "localhost",
          "Port": 80,
          "Requests": [
            {
              "CompressionType": "",
              "DataType": "image/png",
              "DownloadTime": 78,
              "EventId": 307,
              "HttpStatus": 200,
              "Size": 736,
              "URL": "http://localhost/moodle/theme/image.php/afterburner/core/1409244180/i/settings"
            },
            {
              "CompressionType": "",
              "DataType": "text/html",
              "DownloadTime": 3156,
              "EventId": 289,
              "HttpStatus": 200,
              "Size": 129936,
              "URL": "http://localhost/moodle/"
            },
            {
              "CompressionType": "",
              "DataType": "text/html",
              "DownloadTime": 1656,
              "EventId": 287,
              "HttpStatus": 303,
              "Size": 553,
              "URL": "http://localhost/moodle/login/index.php?testsession=3"
            },
            {
              "CompressionType": "",
              "DataType": "text/html",
              "DownloadTime": 1953,
              "EventId": 285,
              "HttpStatus": 303,
              "Size": 582,
              "URL": "http://localhost/moodle/login/index.php"
            },
            {
              "CompressionType": "",
              "DataType": "image/png",
              "DownloadTime": 32,
              "EventId": 278,
              "HttpStatus": 200,
              "Size": 766,
              "URL": "http://localhost/moodle/theme/image.php/afterburner/core/1409244180/help"
            },
            {
              "CompressionType": "",
              "DataType": "text/html",
              "DownloadTime": 1625,
              "EventId": 274,
              "HttpStatus": 200,
              "Size": 22929,
              "URL": "http://localhost/moodle/login/index.php"
            },
            {
              "CompressionType": "",
              "DataType": "image/vnd.microsoft.icon",
              "DownloadTime": 16,
              "EventId": 252,
              "HttpStatus": 200,
              "Size": 894,
              "URL": "http://localhost/moodle/theme/image.php/afterburner/theme/1409244180/favicon"
            },
            {
              "CompressionType": "",
              "DataType": "image/gif",
              "DownloadTime": 31,
              "EventId": 243,
              "HttpStatus": 200,
              "Size": 124,
              "URL": "http://localhost/moodle/theme/image.php/afterburner/core/1409244180/t/switch_plus"
            },
            {
              "CompressionType": "",
              "DataType": "image/gif",
              "DownloadTime": 16,
              "EventId": 241,
              "HttpStatus": 200,
              "Size": 119,
              "URL": "http://localhost/moodle/theme/image.php/afterburner/core/1409244180/t/switch_minus"
            },
            {
              "CompressionType": "gzip",
              "DataType": "application/javascript",
              "DownloadTime": 63,
              "EventId": 238,
              "HttpStatus": 200,
              "Size": 19890,
              "URL": "http://localhost/moodle/theme/yui_combo.php?3.5.1/build/attribute-complex/attribute-complex-min.js&3.5.1/build/classnamemanager/classnamemanager-min.js&3.5.1/build/event-focus/event-focus-min.js&3.5.1/build/widget-base/widget-base-min.js&3.5.1/build/widget-htmlparser/widget-htmlparser-min.js&3.5.1/build/widget-skin/widget-skin-min.js&3.5.1/build/widget-uievents/widget-uievents-min.js&3.5.1/build/widget-stdmod/widget-stdmod-min.js&3.5.1/build/widget-position/widget-position-min.js&3.5.1/build/widget-position-align/widget-position-align-min.js&3.5.1/build/widget-stack/widget-stack-min.js&3.5.1/build/widget-position-constrain/widget-position-constrain-min.js&3.5.1/build/overlay/overlay-min.js&3.5.1/build/event-simulate/event-simulate-min.js&3.5.1/build/substitute/substitute-min.js&3.5.1/build/json-stringify/json-stringify-min.js&3.5.1/build/test/test-min.js"
            },
            {
              "CompressionType": "gzip",
              "DataType": "text/css",
              "DownloadTime": 109,
              "EventId": 236,
              "HttpStatus": 200,
              "Size": 603,
              "URL": "http://localhost/moodle/theme/yui_combo.php?3.5.1/build/overlay/assets/skins/sam/overlay.css&3.5.1/build/widget-base/assets/skins/sam/widget-base.css&3.5.1/build/widget-stack/assets/skins/sam/widget-stack.css&3.5.1/build/test/assets/skins/sam/test.css&moodle/1409244180/calendar/eventmanager/eventmanager.css"
            },
            {
              "CompressionType": "gzip",
              "DataType": "application/javascript",
              "DownloadTime": 62,
              "EventId": 234,
              "HttpStatus": 200,
              "Size": 1244,
              "URL": "http://localhost/moodle/theme/yui_combo.php?moodle/1409244180/calendar/eventmanager/eventmanager.js"
            },
            {
              "CompressionType": "",
              "DataType": "image/png",
              "DownloadTime": 16,
              "EventId": 232,
              "HttpStatus": 200,
              "Size": 236,
              "URL": "http://localhost/moodle/theme/image.php/afterburner/core/1409244180/t/block_to_dock"
            },
            {
              "CompressionType": "gzip",
              "DataType": "application/javascript",
              "DownloadTime": 16,
              "EventId": 230,
              "HttpStatus": 200,
              "Size": 3184,
              "URL": "http://localhost/moodle/theme/yui_combo.php?3.5.1/build/querystring-stringify-simple/querystring-stringify-simple-min.js&3.5.1/build/io-base/io-base-min.js&3.5.1/build/json-parse/json-parse-min.js"
            },
            {
              "CompressionType": "gzip",
              "DataType": "application/javascript",
              "DownloadTime": 93,
              "EventId": 228,
              "HttpStatus": 200,
              "Size": 5048,
              "URL": "http://localhost/moodle/theme/yui_combo.php?moodle/1409244180/block_navigation/navigation/navigation.js"
            },
            {
              "CompressionType": "",
              "DataType": "image/png",
              "DownloadTime": 47,
              "EventId": 226,
              "HttpStatus": 200,
              "Size": 238,
              "URL": "http://localhost/moodle/theme/image.php/afterburner/core/1409244180/t/dock_to_block"
            },
            {
              "CompressionType": "gzip",
              "DataType": "application/javascript",
              "DownloadTime": 47,
              "EventId": 223,
              "HttpStatus": 200,
              "Size": 8851,
              "URL": "http://localhost/moodle/theme/yui_combo.php?3.5.1/build/attribute-core/attribute-core-min.js&3.5.1/build/base-core/base-core-min.js&3.5.1/build/event-custom-complex/event-custom-complex-min.js&3.5.1/build/attribute-events/attribute-events-min.js&3.5.1/build/attribute-extras/attribute-extras-min.js&3.5.1/build/attribute-base/attribute-base-min.js&3.5.1/build/base-base/base-base-min.js&3.5.1/build/base-pluginhost/base-pluginhost-min.js&3.5.1/build/base-build/base-build-min.js&3.5.1/build/event-synthetic/event-synthetic-min.js&3.5.1/build/event-mouseenter/event-mouseenter-min.js&3.5.1/build/event-resize/event-resize-min.js"
            },
            {
              "CompressionType": "gzip",
              "DataType": "application/javascript",
              "DownloadTime": 32,
              "EventId": 221,
              "HttpStatus": 200,
              "Size": 5979,
              "URL": "http://localhost/moodle/lib/javascript.php/1409244180/blocks/dock.js"
            },
            {
              "CompressionType": "gzip",
              "DataType": "application/javascript",
              "DownloadTime": 78,
              "EventId": 217,
              "HttpStatus": 200,
              "Size": 22699,
              "URL": "http://localhost/moodle/theme/yui_combo.php?3.5.1/build/oop/oop-min.js&3.5.1/build/event-custom-base/event-custom-base-min.js&3.5.1/build/dom-core/dom-core-min.js&3.5.1/build/dom-base/dom-base-min.js&3.5.1/build/selector-native/selector-native-min.js&3.5.1/build/selector/selector-min.js&3.5.1/build/node-core/node-core-min.js&3.5.1/build/node-base/node-base-min.js&3.5.1/build/event-base/event-base-min.js&3.5.1/build/event-delegate/event-delegate-min.js&3.5.1/build/node-event-delegate/node-event-delegate-min.js&3.5.1/build/pluginhost-base/pluginhost-base-min.js&3.5.1/build/pluginhost-config/pluginhost-config-min.js&3.5.1/build/node-pluginhost/node-pluginhost-min.js&3.5.1/build/dom-style/dom-style-min.js&3.5.1/build/dom-screen/dom-screen-min.js&3.5.1/build/node-screen/node-screen-min.js&3.5.1/build/node-style/node-style-min.js"
            },
            {
              "CompressionType": "",
              "DataType": "image/jpeg",
              "DownloadTime": 140,
              "EventId": 214,
              "HttpStatus": 200,
              "Size": 20590,
              "URL": "http://localhost/moodle/theme/image.php/afterburner/theme/1409244180/core/h2grad"
            },
            {
              "CompressionType": "",
              "DataType": "image/png",
              "DownloadTime": 94,
              "EventId": 212,
              "HttpStatus": 200,
              "Size": 133,
              "URL": "http://localhost/moodle/theme/image.php/afterburner/core/1409244180/t/collapsed"
            },
            {
              "CompressionType": "",
              "DataType": "image/png",
              "DownloadTime": 110,
              "EventId": 210,
              "HttpStatus": 200,
              "Size": 1940,
              "URL": "http://localhost/moodle/theme/image.php/afterburner/theme/1409244180/footer/moodle-logo"
            },
            {
              "CompressionType": "",
              "DataType": "image/png",
              "DownloadTime": 140,
              "EventId": 207,
              "HttpStatus": 200,
              "Size": 210,
              "URL": "http://localhost/moodle/theme/image.php/afterburner/core/1409244180/i/navigationitem"
            },
            {
              "CompressionType": "gzip",
              "DataType": "application/javascript",
              "DownloadTime": 63,
              "EventId": 205,
              "HttpStatus": 200,
              "Size": 20,
              "URL": "http://localhost/moodle/theme/javascript.php/afterburner/1409244180/footer"
            },
            {
              "CompressionType": "",
              "DataType": "image/png",
              "DownloadTime": 32,
              "EventId": 184,
              "HttpStatus": 200,
              "Size": 10315,
              "URL": "http://localhost/moodle/theme/image.php/afterburner/theme/1409244180/images/light3"
            },
            {
              "CompressionType": "",
              "DataType": "image/jpeg",
              "DownloadTime": 46,
              "EventId": 182,
              "HttpStatus": 200,
              "Size": 10119,
              "URL": "http://localhost/moodle/theme/image.php/afterburner/theme/1409244180/images/logo"
            },
            {
              "CompressionType": "",
              "DataType": "image/png",
              "DownloadTime": 31,
              "EventId": 180,
              "HttpStatus": 200,
              "Size": 675,
              "URL": "http://localhost/moodle/theme/image.php/afterburner/enrol_self/1409244180/withoutkey"
            },
            {
              "CompressionType": "",
              "DataType": "image/jpeg",
              "DownloadTime": 31,
              "EventId": 178,
              "HttpStatus": 200,
              "Size": 321,
              "URL": "http://localhost/moodle/theme/image.php/afterburner/theme/1409244180/core/bground"
            },
            {
              "CompressionType": "gzip",
              "DataType": "text/css",
              "DownloadTime": 687,
              "EventId": 173,
              "HttpStatus": 200,
              "Size": 16703,
              "URL": "http://localhost/moodle/theme/yui_combo.php?2.9.0/build/assets/skins/sam/skin.css"
            },
            {
              "CompressionType": "gzip",
              "DataType": "text/css",
              "DownloadTime": 203,
              "EventId": 168,
              "HttpStatus": 200,
              "Size": 43479,
              "URL": "http://localhost/moodle/theme/styles.php/afterburner/1409244180/all"
            },
            {
              "CompressionType": "gzip",
              "DataType": "application/javascript",
              "DownloadTime": 93,
              "EventId": 166,
              "HttpStatus": 200,
              "Size": 20,
              "URL": "http://localhost/moodle/theme/javascript.php/afterburner/1409244180/head"
            },
            {
              "CompressionType": "gzip",
              "DataType": "application/javascript",
              "DownloadTime": 63,
              "EventId": 163,
              "HttpStatus": 200,
              "Size": 10308,
              "URL": "http://localhost/moodle/lib/javascript.php/1409244180/lib/javascript-static.js"
            },
            {
              "CompressionType": "gzip",
              "DataType": "application/javascript",
              "DownloadTime": 110,
              "EventId": 161,
              "HttpStatus": 200,
              "Size": 8431,
              "URL": "http://localhost/moodle/theme/yui_combo.php?2.9.0/build/yahoo/yahoo-min.js&2.9.0/build/dom/dom-min.js"
            },
            {
              "CompressionType": "gzip",
              "DataType": "application/javascript",
              "DownloadTime": 63,
              "EventId": 158,
              "HttpStatus": 200,
              "Size": 24269,
              "URL": "http://localhost/moodle/theme/yui_combo.php?3.5.1/build/yui/yui-min.js"
            },
            {
              "CompressionType": "gzip",
              "DataType": "text/css",
              "DownloadTime": 62,
              "EventId": 156,
              "HttpStatus": 200,
              "Size": 1170,
              "URL": "http://localhost/moodle/theme/yui_combo.php?3.5.1/build/cssreset/reset-min.css&3.5.1/build/cssfonts/fonts-min.css&3.5.1/build/cssgrids/grids-min.css&3.5.1/build/cssbase/base-min.css"
            },
            {
              "CompressionType": "",
              "DataType": "text/html",
              "DownloadTime": 1984,
              "EventId": 153,
              "HttpStatus": 200,
              "Size": 101301,
              "URL": "http://localhost/moodle/"
            }
          ],
          "SSLCipher": "None",
          "SSLVersion": "None"
        }
      ],
      "IncludeInScript": true
    }
  ],
  "WebSocket": {
    "IncludeInScript": false,
    "IsScriptIncludeWebSocket": false
  },
  "NumberOfCorrelations": 0
}